Vendor No. (Sage),Vendor Name
0000002,Patagonia
0000004,The North Face
0000005,Altra
0000007,Columbia Sportswear
0000008,Scientific Anglers LLC
0000010,Acorn Products
0000015,Yak Attack
0000019,Lowcountry Outdoor dba Flymen Fishing Company
0000032,Accent & Cannon
0000034,Mountain Hardwear
0000035,Aquabound Technology
0000042,Backpacker's Pantry
0000044,Tenkara USA
0000045,Potomac Appalachian Trail Club
0000049,Kuhl
0000053,Good To-Go
0000059,Temple Fork Outfitters
0000064,River Medlin
0000068,Hungry Hills Farm
0000071,Carolina Creative
0000079,Chaco Sandals
0000081,Chums
0000083,Nocqua
0000086,Free Fly Apparel
0000093,"Korkers Products, LLC"
0000095,"Hareline Dubbin, Inc"
0000097,Crazy Creek Products Inc
0000103,National Book Network
0000105,Icebreaker
0000107,Hickory Brands Inc.
0000108,BearVault Inc.
0000109,Deckers
0000109,Deckers (TEVA)
0000112,Feelfree US LLC
0000114,Duck Head LLC
0000115,TOPO ATHLETIC
0000116,JESS & JANE
0000120,Chubbies Inc
0000121,Eagle Creek
0000127,Essex Industries
0000128,Ex Officio LLC
0000129,"Hestra Gloves, LLC"
0000131,Rab
0000132,The Strike Indicator Company
0000135,Goorin Bros
0000139,"Freestyle Brands, LLC"
0000151,IceMule Company
0000153,Gregory Mountain Products
0000159,Oat NYC
0000160,Arcade Belts Inc
0000164,Nomadix
0000165,Owala
0000168,Toad & Co
0000174,North Country Flies and Angling
0000178,Jag Manufacturing
0000181,Johnson Outdoors
0000185,Kavu
0000189,Kingfisher Maps Inc
0000196,Leatherman Tools
0000197,Leegin Creative Leather
0000199,Leki
0000202,Counter Assault
0000203,Bedrock Sandals
0000205,Marine Layer
0000207,Oros Fly Fishing
0000208,Panache Apparel
0000210,Vuori
0000211,"Little Kamper, LP"
0000212,Joy Susan
0000213,"Breeo, LLC"
0000222,Badfish
0000227,Newport Vessels
0000230,Thread Wallets
0000231,Gear Aid (McNett)
0000232,NOCS Provisions
0000234,"Socksmith Design, Inc"
0000236,Trailex Inc.
0000237,AdventureKEEN
0000242,Rhythm
0000250,Pisgah Map Co. LLC
0000251,Lock Laces
0000253,Purple Lizard Maps
0000258,Darn Tough
0000259,Dovetail
0000266,Royal Robbins
0000268,"Opinel USA, Inc"
0000270,Salomon
0000272,Gentle Fawn
0000280,Seattle Sports
0000286,Simms
0000290,Smith Sport Optics
0000291,Scout Curated Wears
0000298,Smartwool
0000301,New River Gear
0000310,Highland Creek Puzzles
0000311,Northwest River Supplies Inc
0000321,Sportif USA
0000334,Dapper Ink LLC
0000337,Groove Life Corp
0000340,"Victorinox Swiss Army, Inc."
0000343,Outdoor Research
0000350,Pelican Products
0000353,"Noso, LLC"
0000366,Tilley Endurables Corp
0000370,National Geographic Maps
0000372,"High N Dry Fishing Products, LLC"
0000377,"Industrial Revolution/UCO, Inc"
0000378,Umpqua Feather Merchants
0000379,Long Leaf Services
0000382,Elder & Co
0000386,GSI Sports Products Inc
0000387,Wapsi Fly
0000389,Outdoor Paths Publishing
0000390,Wenonah Canoe
0000392,Werner Paddles
0000394,Whiting Farms Inc
0000401,Seattle Silver
0000402,Molly Bracken
0000405,Yakima
0000406,Faherty
0000407,"Sendero Provisions Co., LLC"
0000415,NC Trailblazers LLC
0000421,Boonedox Gear & Tackle
0000424,Tahe Outdoors NA
0000425,BioLite
0000433,NuCanoe
0000441,Grand Forest Inc
0000443,WW Norton &Company Inc
0000446,Astral Footwear
0000449,TenTree
0000450,Exped LLC
0000452,PEAK Outdoors
0000455,Seneca Press
0000457,Minnetonka
0000459,Hot Chillys
0000462,KATIN
0000472,Liberty Mountain Sports
0000477,Vejas
0000501,Limmer Boots
0000503,142 Supply Company
0000505,ON Running
0000506,Outdoor Element LLC
0000511,Indygena
0000513,Mountainsmith
0000515,Wild Tribute
0000520,Prana Living LLC
0000528,Paddlers Supply Company
0000536,Cuzins Entertainment
0000537,Rumpl
0000543,Lemon
0000544,Xtratuf
0000551,Helinox
0000556,Rajeff Sports LLC
0000561,Paddywax
0000565,Lifestraw
0000566,Bronwen Jewelry
0000567,Roxy
0000612,Ruffwear
0000622,Merrell
0000627,"Camelbak Products, LLC"
0000650,Wide Open
0000651,Arc' Teryx
0000653,Treadlabs
0000654,Hydrascape Stickers
0000655,Life Outside Stickers
0000657,Eno River Association
0000660,Saola USA Inc
0000661,Hibear
0000664,Birkenstock USA
0000666,Komperdell
0000672,Swell Watercraft
0000674,Turtlebox Audio LLC
0000677,Roark
0000699,Petzl
0000708,Immersion Research
0000713,Sherrill Inc dba Sterling Rope Company Inc
0000713,Sterling Rope Company Inc
0000714,Columbia River
0000714,Columbia River Knife & Tool (CRKT)
0000722,Waterworks-Lamson
0000735,Osprey
0000741,Hydrapak
0000754,Grundens
0000767,Solitude Fly Company Inc
0000771,"Reef Lifestyle, LLC"
0000780,Costa Del Mar
0000794,Material Concepts
0000798,Sunday Afternoons
0000800,Sea to Summit
0000805,Secrid
0000819,Ted Juracsik Tool & Die
0000822,GCI Outdoor
0000827,Western Mountaineering
0000828,"Osprey Packs, Inc"
0000842,Angler's Book Supply
0000845,"BIG Adventures, LLC"
0000850,Lacrosse Footwear Inc (Danner)
0000862,Grayl
0000864,Pyranha
0000871,Nite Ize Inc
0000875,Rio Products
0000889,Blundstone
0000890,Kizik
0000899,Oregon Freeze Dry
0000902,Old Town
0000923,Big Agnes Inc
0000925,Saxx Underwear
0000940,Astral Buoyancy Co LLC
0000944,"Bonafide Kayaks, LLC"
0000953,Dish & Du/er
0000956,Hurricane Aqua Sports
0000958,Artesania Inc
0000960,Lost Horizons
0000966,Malone
0000976,Antigravity Gear LLC
0000978,Keen Inc
0000981,Jackson Kayak
0000982,Jetboil
0000984,"Eagles Nest Outfitters, Inc."
0000987,Sherpa
0000989,Fishpond
0000993,O'Neill
0000994,"Hobie Cat Company II, LLC"
0000995,"Toadfish, LLC"
0000996,Cotopaxi
0000999,Soto
0001000,Hadley Wren
0001000,Tickled Pink
0001011,johnnie-O
0001019,Seirus Innovation
0001025,Renzetti LLC
0001030,Bending Branches
0001036,Loksak
0001055,Mountain Khakis
0001058,"Goodhew, LLC"
0001063,Scotty Inc
0001067,Prism Designs
0001070,Confluence Outdoor Inc.
0001081,K'Lani LLC
0001101,Sherpani LLC
0001130,Carve Designs
0001131,Olukai LLC
0001142,Education Outdoors
0001151,Cliff Outdoors
0001171,Black Diamond Equipment Ltd (B.D.E.L.)
0001172,Petzl Pro
0001178,Pistil
0001178,Pistil/Totes Isotoner
0001180,Blue Ridge Parkway Foundation
0001182,Buena Onda Games
0001184,Tite Line Fishing Products LLC
0001185,CS Gibbs Design Solutions
0001191,Sorel
0001195,Hydro Flask
0001203,Quiksilver
0001213,Oboz Footwear LLC
0001215,Johnson Outdoor Watercraft
0001226,Waboba Inc
0001229,Hoka
0001263,Richardson
0001264,Rainbow Sandals
0001266,Howler Brothers
0001267,Sea-lect Designs
0001269,"HQ Kites & Designs USA, Inc"
0001276,Benchmade
0001277,Nemo Equipment Inc
0001278,Joshua Tree Products
0001279,Montana Fly Company
0001282,Topo Designs LLC
0001289,Puffin Coolers
0001290,Fulling Mill Fly Fishing LLC
0007485,Sitka Gear
0008384,Yeti Coolers
0054321,Nester Hosiery
0093101,Purnell